--
-- PostgreSQL database dump
--

-- Dumped from database version 15.1
-- Dumped by pg_dump version 15.1

SET statement_timeout = 0;
SET lock_timeout = 0;
SET idle_in_transaction_session_timeout = 0;
SET client_encoding = 'UTF8';
SET standard_conforming_strings = on;
SELECT pg_catalog.set_config('search_path', '', false);
SET check_function_bodies = false;
SET xmloption = content;
SET client_min_messages = warning;
SET row_security = off;

SET default_tablespace = '';

SET default_table_access_method = heap;

--
-- Name: cart; Type: TABLE; Schema: public; Owner: postgres
--

CREATE TABLE public.cart (
    id integer NOT NULL,
    user_id integer NOT NULL,
    product_id integer NOT NULL
);


ALTER TABLE public.cart OWNER TO postgres;

--
-- Name: cart_id_seq; Type: SEQUENCE; Schema: public; Owner: postgres
--

ALTER TABLE public.cart ALTER COLUMN id ADD GENERATED BY DEFAULT AS IDENTITY (
    SEQUENCE NAME public.cart_id_seq
    START WITH 1
    INCREMENT BY 1
    NO MINVALUE
    NO MAXVALUE
    CACHE 1
);


--
-- Name: order; Type: TABLE; Schema: public; Owner: postgres
--

CREATE TABLE public."order" (
    id integer NOT NULL,
    user_id integer NOT NULL,
    created_at timestamp without time zone NOT NULL,
    status character varying(32) DEFAULT 'создан'::character varying NOT NULL
);


ALTER TABLE public."order" OWNER TO postgres;

--
-- Name: order_id_seq; Type: SEQUENCE; Schema: public; Owner: postgres
--

ALTER TABLE public."order" ALTER COLUMN id ADD GENERATED BY DEFAULT AS IDENTITY (
    SEQUENCE NAME public.order_id_seq
    START WITH 1
    INCREMENT BY 1
    NO MINVALUE
    NO MAXVALUE
    CACHE 1
);


--
-- Name: orders_products; Type: TABLE; Schema: public; Owner: postgres
--

CREATE TABLE public.orders_products (
    order_id integer NOT NULL,
    product_id integer NOT NULL
);


ALTER TABLE public.orders_products OWNER TO postgres;

--
-- Name: product; Type: TABLE; Schema: public; Owner: postgres
--

CREATE TABLE public.product (
    id integer NOT NULL,
    file_name character varying(256) NOT NULL,
    file_path character varying(256) NOT NULL,
    file_type character varying(32) NOT NULL,
    file_size bigint NOT NULL,
    title character varying(256) NOT NULL,
    price numeric(10,2) NOT NULL,
    descr character varying(1000)
);


ALTER TABLE public.product OWNER TO postgres;

--
-- Name: product_id_seq; Type: SEQUENCE; Schema: public; Owner: postgres
--

ALTER TABLE public.product ALTER COLUMN id ADD GENERATED BY DEFAULT AS IDENTITY (
    SEQUENCE NAME public.product_id_seq
    START WITH 1
    INCREMENT BY 1
    NO MINVALUE
    NO MAXVALUE
    CACHE 1
);


--
-- Name: user; Type: TABLE; Schema: public; Owner: postgres
--

CREATE TABLE public."user" (
    id integer NOT NULL,
    username character varying(256) NOT NULL,
    password character varying(60) NOT NULL,
    role character varying(10) NOT NULL,
    first_name character varying(20),
    second_name character varying(20)
);


ALTER TABLE public."user" OWNER TO postgres;

--
-- Name: user_id_seq; Type: SEQUENCE; Schema: public; Owner: postgres
--

ALTER TABLE public."user" ALTER COLUMN id ADD GENERATED BY DEFAULT AS IDENTITY (
    SEQUENCE NAME public.user_id_seq
    START WITH 1
    INCREMENT BY 1
    NO MINVALUE
    NO MAXVALUE
    CACHE 1
);


--
-- Data for Name: cart; Type: TABLE DATA; Schema: public; Owner: postgres
--

COPY public.cart (id, user_id, product_id) FROM stdin;
18	3	8
\.


--
-- Data for Name: order; Type: TABLE DATA; Schema: public; Owner: postgres
--

COPY public."order" (id, user_id, created_at, status) FROM stdin;
1000003	5	2023-05-14 15:23:18.901589	завершён
1000002	5	2023-05-14 15:22:08.77694	обработан
1000004	3	2023-05-13 15:23:18.901589	доставлен
1000005	1	2023-05-15 15:07:51.198289	создан
1000006	1	2023-05-15 15:08:12.689827	создан
1000007	6	2023-05-15 16:46:03.062913	создан
1000001	3	2023-05-08 22:07:29.992086	обработан
\.


--
-- Data for Name: orders_products; Type: TABLE DATA; Schema: public; Owner: postgres
--

COPY public.orders_products (order_id, product_id) FROM stdin;
1000002	9
1000003	8
1000001	9
1000003	13
1000001	8
1000004	8
1000005	9
1000006	13
1000007	9
\.


--
-- Data for Name: product; Type: TABLE DATA; Schema: public; Owner: postgres
--

COPY public.product (id, file_name, file_path, file_type, file_size, title, price, descr) FROM stdin;
9	3eb99d125ba286d8c802641988673724.jpg	C:\\Users\\Андрей\\Desktop\\Spring\\DietShopProject\\uploads\\images\\3eb99d125ba286d8c802641988673724.jpg	image/jpeg	229154	Фруктовая	1000.00	ffffffffffffffffff
13	logo.jpg	C:\\Users\\Андрей\\Desktop\\Spring\\DietShopProject\\uploads\\images\\logo.jpg	image/jpeg	68735	Работа по Spring	9999.00	Столяров Андрей Александрович
8	scale_1200.jpg	C:\\Users\\Андрей\\Desktop\\Spring\\DietShopProject\\uploads\\images\\scale_1200.jpg	image/jpeg	133115	Скандинавская	20000.00	
14	logo — копия.jpg	C:\\Users\\Андрей\\Desktop\\Spring\\DietShopProject\\uploads\\images\\logo — копия.jpg	image/jpeg	68735	FinalTestItem3	5555.00	Финальная тестировка 123
\.


--
-- Data for Name: user; Type: TABLE DATA; Schema: public; Owner: postgres
--

COPY public."user" (id, username, password, role, first_name, second_name) FROM stdin;
4	MyUser	$2a$10$nQ3VOv11IeRzRbCYb8STq.RWpkHocOzum4KUEv2Bhsq8fA9mlMp6a	ROLE_USER	Андрей	Столяров
2	Andrey	$2a$10$7/U5Izy8CdkIPwNLf2RVJ.45HJfNJks712y7H9XgjvEQ19oSxbTlC	ROLE_USER	Андрей	Столяров
1	admin	$2a$12$UzNKIZKUI1iwvaMaKGjNvea7K243gMmjw9d7pg8RYboyw8Ast.CQC	ROLE_ADMIN	Андрей	Столяров
5	testtest	$2a$10$QZ4ySeZ9tVxrEPIEpfuEpeECr9D.wql31bbp9CRv6J8NIbHHiqhGW	ROLE_USER	Иван	Иванов
3	UserUser	$2a$10$eUdIRYlrKgi46hOXd4bIqehE2FB7ueesZB.wlCVtoHBlynkru23h2	ROLE_ADMIN	Андрей	Столяров
6	Andrey2	$2a$10$lq8wqRmU7i6DKkqnfSTLI.QmtCfTQg/bHoE4PbiYSx901hijCck2G	ROLE_USER	Андрей	Столяров
\.


--
-- Name: cart_id_seq; Type: SEQUENCE SET; Schema: public; Owner: postgres
--

SELECT pg_catalog.setval('public.cart_id_seq', 27, true);


--
-- Name: order_id_seq; Type: SEQUENCE SET; Schema: public; Owner: postgres
--

SELECT pg_catalog.setval('public.order_id_seq', 1000007, true);


--
-- Name: product_id_seq; Type: SEQUENCE SET; Schema: public; Owner: postgres
--

SELECT pg_catalog.setval('public.product_id_seq', 14, true);


--
-- Name: user_id_seq; Type: SEQUENCE SET; Schema: public; Owner: postgres
--

SELECT pg_catalog.setval('public.user_id_seq', 6, true);


--
-- Name: cart cart_pkey; Type: CONSTRAINT; Schema: public; Owner: postgres
--

ALTER TABLE ONLY public.cart
    ADD CONSTRAINT cart_pkey PRIMARY KEY (id);


--
-- Name: order order_pkey; Type: CONSTRAINT; Schema: public; Owner: postgres
--

ALTER TABLE ONLY public."order"
    ADD CONSTRAINT order_pkey PRIMARY KEY (id);


--
-- Name: orders_products orders_products_order_id_product_id_key; Type: CONSTRAINT; Schema: public; Owner: postgres
--

ALTER TABLE ONLY public.orders_products
    ADD CONSTRAINT orders_products_order_id_product_id_key UNIQUE (order_id, product_id);


--
-- Name: orders_products orders_products_pkey; Type: CONSTRAINT; Schema: public; Owner: postgres
--

ALTER TABLE ONLY public.orders_products
    ADD CONSTRAINT orders_products_pkey PRIMARY KEY (order_id, product_id);


--
-- Name: product product_file_name_key; Type: CONSTRAINT; Schema: public; Owner: postgres
--

ALTER TABLE ONLY public.product
    ADD CONSTRAINT product_file_name_key UNIQUE (file_name);


--
-- Name: product product_file_path_key; Type: CONSTRAINT; Schema: public; Owner: postgres
--

ALTER TABLE ONLY public.product
    ADD CONSTRAINT product_file_path_key UNIQUE (file_path);


--
-- Name: product product_pkey; Type: CONSTRAINT; Schema: public; Owner: postgres
--

ALTER TABLE ONLY public.product
    ADD CONSTRAINT product_pkey PRIMARY KEY (id);


--
-- Name: user user_pkey; Type: CONSTRAINT; Schema: public; Owner: postgres
--

ALTER TABLE ONLY public."user"
    ADD CONSTRAINT user_pkey PRIMARY KEY (id);


--
-- Name: user user_username_key; Type: CONSTRAINT; Schema: public; Owner: postgres
--

ALTER TABLE ONLY public."user"
    ADD CONSTRAINT user_username_key UNIQUE (username);


--
-- Name: cart cart_product_id_fkey; Type: FK CONSTRAINT; Schema: public; Owner: postgres
--

ALTER TABLE ONLY public.cart
    ADD CONSTRAINT cart_product_id_fkey FOREIGN KEY (product_id) REFERENCES public.product(id);


--
-- Name: cart cart_user_id_fkey; Type: FK CONSTRAINT; Schema: public; Owner: postgres
--

ALTER TABLE ONLY public.cart
    ADD CONSTRAINT cart_user_id_fkey FOREIGN KEY (user_id) REFERENCES public."user"(id);


--
-- Name: order order_user_id_fkey; Type: FK CONSTRAINT; Schema: public; Owner: postgres
--

ALTER TABLE ONLY public."order"
    ADD CONSTRAINT order_user_id_fkey FOREIGN KEY (user_id) REFERENCES public."user"(id);


--
-- Name: orders_products orders_products_order_id_fkey; Type: FK CONSTRAINT; Schema: public; Owner: postgres
--

ALTER TABLE ONLY public.orders_products
    ADD CONSTRAINT orders_products_order_id_fkey FOREIGN KEY (order_id) REFERENCES public."order"(id);


--
-- Name: orders_products orders_products_product_id_fkey; Type: FK CONSTRAINT; Schema: public; Owner: postgres
--

ALTER TABLE ONLY public.orders_products
    ADD CONSTRAINT orders_products_product_id_fkey FOREIGN KEY (product_id) REFERENCES public.product(id);


--
-- PostgreSQL database dump complete
--

